{"nwalkers": 400, "dnu_err": 1.0164593968280784, "initial_numax": 105.23659640622023, "Neff": 103586.66132159726, "tau": 3.8615010359118713, "BIC": 452722.0703189035, "niter": 1000, "dnu": 9.180930766544067, "completed": true, "total_time": 434.51270365715027, "AIC": 452611.7878082906, "ndims": 13, "total_niter": 0, "initial_numax_err": 4.6200006488017085, "ntemps": 6, "bw": 0.9992081237866068, "c_fixed": "True", "GR": [1.0038459915381914, 1.0049579483178162, 1.0045210924382104, 1.0055127339810814, 1.0047602003575504, 1.0059453551682802, 1.0055728955362628, 1.0053061533778993, 1.005384265649266, 1.0047173575240729]}